chunk_id,head,relation,tail,canonical_head,canonical_tail
7d6c78d5-714d-4f9f-8263-a72ab29461fd,hen-houses,partOf,Manor Farm,hen-houses,Manor Farm
7d6c78d5-714d-4f9f-8263-a72ab29461fd,Mr. Jones,locatedIn,Manor Farm,Mr. Jones,Manor Farm
7dd9453c-a6b0-4d14-919f-d4b6280f4e7c,Boxer,locatedIn,paddock,Boxer,paddock
7dd9453c-a6b0-4d14-919f-d4b6280f4e7c,paddock,partOf,orchard,paddock,orchard
7dd9453c-a6b0-4d14-919f-d4b6280f4e7c,Mollie,possesses,trap,Mollie,trap
7dd9453c-a6b0-4d14-919f-d4b6280f4e7c,cat,locatedIn,barn,cat,Barn
7dd9453c-a6b0-4d14-919f-d4b6280f4e7c,Moses,locatedIn,back door,Moses,back door
77d41bb2-a31c-4bc8-b622-7bf030c1cdfb,Jones,possesses,milk,Jones,milk
77d41bb2-a31c-4bc8-b622-7bf030c1cdfb,Jones,possesses,eggs,Jones,eggs
64d76ce2-9421-4848-9e63-6216043176b8,dogs,partOf,Jones,dogs,Jones
7b24a3c0-2683-4edf-ae2c-483b1e303298,Old Major,createdBy,Beasts of England,Old Major,Beasts of England
ba636e2c-f06e-476b-9413-16eb2b531a8c,Major,happensAt,death,Major,death
ba636e2c-f06e-476b-9413-16eb2b531a8c,Major,occursDuring,Three nights later,Major,three nights later
ba636e2c-f06e-476b-9413-16eb2b531a8c,Major,occursDuring,early in March,Major,early in March
69a5a006-fdb6-49c0-95e1-d4a15426e7a6,Snowball,partOf,farm,Snowball,farm
69a5a006-fdb6-49c0-95e1-d4a15426e7a6,Napoleon,partOf,farm,Napoleon,farm
69a5a006-fdb6-49c0-95e1-d4a15426e7a6,Squealer,partOf,farm,Squealer,farm
69a5a006-fdb6-49c0-95e1-d4a15426e7a6,Snowball,createdBy,Animalism,Snowball,Animalism
69a5a006-fdb6-49c0-95e1-d4a15426e7a6,Napoleon,createdBy,Animalism,Napoleon,Animalism
69a5a006-fdb6-49c0-95e1-d4a15426e7a6,Squealer,createdBy,Animalism,Squealer,Animalism
1a577df6-6547-4397-9444-1765553d0f6c,Mr. Jones,possesses,Moses,Mr. Jones,Moses
1a577df6-6547-4397-9444-1765553d0f6c,Moses,knows,Sugarcandy Mountain,Moses,Sugarcandy Mountain
1a577df6-6547-4397-9444-1765553d0f6c,pigs,partOf,Animalism,pigs,Animalism
9bbb21e2-2fa7-4e97-9672-632d18e78883,Boxer,partOf,pigs,Boxer,pigs
9bbb21e2-2fa7-4e97-9672-632d18e78883,Clover,partOf,pigs,Clover,pigs
9bbb21e2-2fa7-4e97-9672-632d18e78883,Mr. Jones,possesses,Windsor chair,Mr. Jones,Windsor chair
9bbb21e2-2fa7-4e97-9672-632d18e78883,Mr. Jones,locatedIn,Willingdon,Mr. Jones,Willingdon
9bbb21e2-2fa7-4e97-9672-632d18e78883,Mr. Jones,happensAt,Red Lion,Mr. Jones,Red Lion
c2b4c54d-f81d-47fb-a292-dce243a1db95,Mr. Jones,possesses,whips,Mr. Jones,whips
c2b4c54d-f81d-47fb-a292-dce243a1db95,Rebellion,happensAt,Manor Farm,rebellion,Manor Farm
7c208a56-367a-485c-9053-16a2c63a7841,farm buildings,partOf,farm buildings,farm buildings,farm buildings
7c208a56-367a-485c-9053-16a2c63a7841,harness-room,partOf,stables,harness-room,stables
7c208a56-367a-485c-9053-16a2c63a7841,horses' manes,partOf,horses' manes,horses' manes,horses' manes
7c208a56-367a-485c-9053-16a2c63a7841,tails,partOf,tails,tails,tails
ee8acae9-374f-4eeb-8e0f-980418b036a7,Snowball,partOf,farm,Snowball,farm
ee8acae9-374f-4eeb-8e0f-980418b036a7,Napoleon,partOf,farm,Napoleon,farm
ee8acae9-374f-4eeb-8e0f-980418b036a7,Mollie,partOf,farm,Mollie,farm
ee8acae9-374f-4eeb-8e0f-980418b036a7,Mrs. Jones,possesses,blue ribbon,Mrs. Jones,blue ribbon
f6cdcc31-ccc4-4134-8651-fd2d718102c2,Mr. Jones,possesses,old spelling book,Mr. Jones,old spelling book
f6cdcc31-ccc4-4134-8651-fd2d718102c2,Snowball,createdBy,ANIMAL FARM,Snowball,Animal Farm
05f4096c-2c49-41b5-9795-43dbe9c0eb8b,Snowball,partOf,Animal Farm,Snowball,Animal Farm
05f4096c-2c49-41b5-9795-43dbe9c0eb8b,Squealer,partOf,Animal Farm,Squealer,Animal Farm
05f4096c-2c49-41b5-9795-43dbe9c0eb8b,The Seven Commandments,happensAt,tarred wall,THE SEVEN COMMANDMENTS,tarred wall
2099a28f-152b-4abe-8358-6ec571148c6b,Boxer,participatesIn,the cutter,Boxer,the cutter
2099a28f-152b-4abe-8358-6ec571148c6b,Clover,participatesIn,the cutter,Clover,the cutter
2099a28f-152b-4abe-8358-6ec571148c6b,Boxer,participatesIn,the horse-rake,Boxer,the horse-rake
2099a28f-152b-4abe-8358-6ec571148c6b,Clover,participatesIn,the horse-rake,Clover,the horse-rake
2099a28f-152b-4abe-8358-6ec571148c6b,the pigs,locatedIn,the farm,the pigs,the farm
2099a28f-152b-4abe-8358-6ec571148c6b,Boxer,locatedIn,the farm,Boxer,the farm
2099a28f-152b-4abe-8358-6ec571148c6b,Clover,locatedIn,the farm,Clover,the farm
2099a28f-152b-4abe-8358-6ec571148c6b,the ducks,locatedIn,the farm,the ducks,the farm
2099a28f-152b-4abe-8358-6ec571148c6b,the hens,locatedIn,the farm,the hens,the farm
04b9b61a-b40f-422a-a35d-3cda60c4da5d,Boxer,participatesIn,farm,Boxer,farm
2045d348-57f8-47d8-a18d-07bc2214257b,Snowball,createdBy,hoof,Snowball,hoof
2045d348-57f8-47d8-a18d-07bc2214257b,Snowball,createdBy,horn,Snowball,horn
2045d348-57f8-47d8-a18d-07bc2214257b,England,partOf,Republic of the Animals,England,Republic of the Animals
4a2a6dd6-41cd-4404-b5cf-ae2a12a114d8,Snowball,partOf,Animal Committees,Snowball,Animal Committees
4a2a6dd6-41cd-4404-b5cf-ae2a12a114d8,Napoleon,partOf,Animal Committees,Napoleon,Animal Committees
4a2a6dd6-41cd-4404-b5cf-ae2a12a114d8,cat,partOf,Wild Comrades' Re-education Committee,cat,Wild Comrades' Re-education Committee
3bad279f-6c1f-4055-b33e-ded0b73f8c32,Muriel,locatedIn,Farm,Muriel,farm
3bad279f-6c1f-4055-b33e-ded0b73f8c32,Benjamin,locatedIn,Farm,Benjamin,farm
3bad279f-6c1f-4055-b33e-ded0b73f8c32,Clover,locatedIn,Farm,Clover,farm
3bad279f-6c1f-4055-b33e-ded0b73f8c32,Boxer,locatedIn,Farm,Boxer,farm
3bad279f-6c1f-4055-b33e-ded0b73f8c32,Mollie,locatedIn,Farm,Mollie,farm
3bad279f-6c1f-4055-b33e-ded0b73f8c32,dogs,locatedIn,Farm,dogs,farm
3bad279f-6c1f-4055-b33e-ded0b73f8c32,pigs,locatedIn,Farm,pigs,farm
79d1342e-a0a2-4b0a-a30b-6f1673a058b6,puppies,partOf,Jessie,puppies,Jessie
79d1342e-a0a2-4b0a-a30b-6f1673a058b6,puppies,partOf,Bluebell,puppies,Bluebell
79d1342e-a0a2-4b0a-a30b-6f1673a058b6,puppies,locatedIn,loft,puppies,loft
79d1342e-a0a2-4b0a-a30b-6f1673a058b6,loft,partOf,harness-room,loft,harness-room
79d1342e-a0a2-4b0a-a30b-6f1673a058b6,mash,partOf,pigs,mash,pigs
79d1342e-a0a2-4b0a-a30b-6f1673a058b6,Squealer,partOf,pigs,Squealer,pigs
79d1342e-a0a2-4b0a-a30b-6f1673a058b6,farm,partOf,orchard,farm,orchard
79d1342e-a0a2-4b0a-a30b-6f1673a058b6,Snowball,partOf,pigs,Snowball,pigs
79d1342e-a0a2-4b0a-a30b-6f1673a058b6,Napoleon,partOf,pigs,Napoleon,pigs
e74efcd2-6a32-4207-ab85-23143dbd8ba7,Snowball,partOf,Animal Farm,Snowball,Animal Farm
e74efcd2-6a32-4207-ab85-23143dbd8ba7,Napoleon,partOf,Animal Farm,Napoleon,Animal Farm
e74efcd2-6a32-4207-ab85-23143dbd8ba7,Mr. Jones,locatedIn,Red Lion,Mr. Jones,Red Lion
e74efcd2-6a32-4207-ab85-23143dbd8ba7,Red Lion,locatedIn,Willingdon,Red Lion,Willingdon
1965dfef-a33a-4084-89d4-195f18e1407f,Foxwood,partOf,Animal Farm,Foxwood,Animal Farm
1965dfef-a33a-4084-89d4-195f18e1407f,Mr. Pilkington,possesses,Foxwood,Mr. Pilkington,Foxwood
1965dfef-a33a-4084-89d4-195f18e1407f,Pinchfield,partOf,Animal Farm,Pinchfield,Animal Farm
1965dfef-a33a-4084-89d4-195f18e1407f,Mr. Frederick,possesses,Pinchfield,Mr. Frederick,Pinchfield
97861e77-66a5-4745-8813-e7e3abc55ef9,"Blair, Eric Arthur",createdBy,Animal Farm,"Blair, Eric Arthur",Animal Farm
97861e77-66a5-4745-8813-e7e3abc55ef9,"Orwell, George",createdBy,Animal Farm,"Orwell, George",Animal Farm
97861e77-66a5-4745-8813-e7e3abc55ef9,New York,locatedIn,Canada,New York,Canada
0e5664e9-283c-4862-a41b-550d63aec5b8,ANIMAL FARM,createdBy,George Orwell,Animal Farm,George Orwell
0e5664e9-283c-4862-a41b-550d63aec5b8,"HARCOURT, BRACE AND COMPANY",locatedIn,NEW YORK,"HARCOURT, BRACE AND COMPANY",New York
121b723a-9f70-4cc6-8995-7c6b80a22304,hen-houses,locatedIn,Manor Farm,hen-houses,Manor Farm
121b723a-9f70-4cc6-8995-7c6b80a22304,old Major,locatedIn,farm buildings,Old Major,farm buildings
121b723a-9f70-4cc6-8995-7c6b80a22304,big barn,locatedIn,farm buildings,the big barn,farm buildings
63cd4bb5-0aa8-452b-bc5a-72ab27fb67eb,Boxer,locatedIn,small paddock beyond the orchard,Boxer,small paddock behind the orchard
63cd4bb5-0aa8-452b-bc5a-72ab27fb67eb,Boxer,partOf,cat,Boxer,cat
63cd4bb5-0aa8-452b-bc5a-72ab27fb67eb,Mr. Jones,possesses,trap,Mr. Jones,trap
b3f1fda9-9bf1-4fee-82c9-5826694a748b,Old Major,createdBy,Beasts of England,Old Major,Beasts of England
0749c1a5-8786-4984-a9e6-439fa9b2974d,Major,happensAt,three nights later,Major,three nights later
0749c1a5-8786-4984-a9e6-439fa9b2974d,Major,locatedIn,foot of the orchard,Major,the foot of the orchard
0749c1a5-8786-4984-a9e6-439fa9b2974d,Rebellion,createdBy,Major,rebellion,Major
4dbe5849-4172-44b1-87e6-cb738e05e1cb,Mollie,possesses,ribbons,Mollie,ribbons
4dbe5849-4172-44b1-87e6-cb738e05e1cb,Moses,partOf,Mr. Jones,Moses,Mr. Jones
e6abb386-8ac2-4efd-9fd3-12514a37676e,Mrs. Jones,locatedIn,bedroom window,Mrs. Jones,bedroom window
e6abb386-8ac2-4efd-9fd3-12514a37676e,Mr. Jones,locatedIn,store-shed,Mr. Jones,store-shed
ea7d5f9b-5535-494c-bc11-f885333b99f9,knives,createdBy,Mr. Jones,knives,Mr. Jones
ea7d5f9b-5535-494c-bc11-f885333b99f9,horses' manes,occursDuring,market days,horses' manes,market days
ea7d5f9b-5535-494c-bc11-f885333b99f9,tails,occursDuring,market days,tails,market days
ea7d5f9b-5535-494c-bc11-f885333b99f9,straw hat,occursDuring,summer,straw hat,summer
5ba01acd-d204-4511-80eb-50ceaab6df2a,farm buildings,partOf,farm,farm buildings,farm
5ba01acd-d204-4511-80eb-50ceaab6df2a,farmhouse,locatedIn,farm,farmhouse,farm
5ba01acd-d204-4511-80eb-50ceaab6df2a,Mollie,possesses,blue ribbon,Mollie,blue ribbon
40da5307-49cf-42f2-8715-bf1d4bcc6ca5,Snowball,participatesIn,hay harvest,Snowball,hay harvest
40da5307-49cf-42f2-8715-bf1d4bcc6ca5,Napoleon,participatesIn,hay harvest,Napoleon,hay harvest
40da5307-49cf-42f2-8715-bf1d4bcc6ca5,Mr. Jones,possesses,old spelling book,Mr. Jones,old spelling book
40da5307-49cf-42f2-8715-bf1d4bcc6ca5,five-barred gate,locatedIn,main road,five-barred gate,main road
40da5307-49cf-42f2-8715-bf1d4bcc6ca5,Animal Farm,locatedIn,farm buildings,Animal Farm,farm buildings
40da5307-49cf-42f2-8715-bf1d4bcc6ca5,Animalism,partOf,Seven Commandments,Animalism,THE SEVEN COMMANDMENTS
859c803e-9ea0-4cf6-af2e-e7f0346bf946,Snowball,locatedIn,tarred wall,Snowball,tarred wall
859c803e-9ea0-4cf6-af2e-e7f0346bf946,Squealer,locatedIn,tarred wall,Squealer,tarred wall
859c803e-9ea0-4cf6-af2e-e7f0346bf946,Snowball,createdBy,The Seven Commandments,Snowball,THE SEVEN COMMANDMENTS
d554eaec-e519-4f7f-9a92-765e105ef33b,Boxer,participatesIn,harvest,Boxer,harvest
d554eaec-e519-4f7f-9a92-765e105ef33b,Clover,participatesIn,harvest,Clover,harvest
d554eaec-e519-4f7f-9a92-765e105ef33b,pigs,participatesIn,harvest,pigs,harvest
d554eaec-e519-4f7f-9a92-765e105ef33b,horses,participatesIn,harvest,horses,harvest
d554eaec-e519-4f7f-9a92-765e105ef33b,ducks,participatesIn,harvest,ducks,harvest
d554eaec-e519-4f7f-9a92-765e105ef33b,hens,participatesIn,harvest,hens,harvest
d554eaec-e519-4f7f-9a92-765e105ef33b,Boxer,partOf,farm,Boxer,farm
d554eaec-e519-4f7f-9a92-765e105ef33b,Clover,partOf,farm,Clover,farm
d554eaec-e519-4f7f-9a92-765e105ef33b,pigs,partOf,farm,pigs,farm
d554eaec-e519-4f7f-9a92-765e105ef33b,horses,partOf,farm,horses,farm
d554eaec-e519-4f7f-9a92-765e105ef33b,ducks,partOf,farm,ducks,farm
d554eaec-e519-4f7f-9a92-765e105ef33b,hens,partOf,farm,hens,farm
d554eaec-e519-4f7f-9a92-765e105ef33b,Jones,partOf,farm,Jones,farm
147d7f8c-5089-498c-952b-18488f2fb898,Boxer,partOf,farm,Boxer,farm
147d7f8c-5089-498c-952b-18488f2fb898,pigs,partOf,farm,pigs,farm
147d7f8c-5089-498c-952b-18488f2fb898,hens,partOf,farm,hens,farm
147d7f8c-5089-498c-952b-18488f2fb898,ducks,partOf,farm,ducks,farm
4877a649-7b6a-4cee-9a46-8722001ec2bb,old green tablecloth,partOf,Mrs. Jones,old green tablecloth,Mrs. Jones
4877a649-7b6a-4cee-9a46-8722001ec2bb,hoof,partOf,flag,hoof,flag
4877a649-7b6a-4cee-9a46-8722001ec2bb,horn,partOf,flag,horn,flag
4877a649-7b6a-4cee-9a46-8722001ec2bb,Republic of the Animals,occursDuring,human race,Republic of the Animals,human race
9f511b04-302c-4626-a20a-9bf53f559ccf,Snowball,partOf,Animal Committees,Snowball,Animal Committees
9f511b04-302c-4626-a20a-9bf53f559ccf,Snowball,partOf,Egg Production Committee,Snowball,Egg Production Committee
9f511b04-302c-4626-a20a-9bf53f559ccf,Snowball,partOf,Clean Tails League,Snowball,Clean Tails League
9f511b04-302c-4626-a20a-9bf53f559ccf,Snowball,partOf,Wild Comrades' Re-education Committee,Snowball,Wild Comrades' Re-education Committee
9f511b04-302c-4626-a20a-9bf53f559ccf,Snowball,partOf,Whiter Wool Movement,Snowball,Whiter Wool Movement
9f511b04-302c-4626-a20a-9bf53f559ccf,Egg Production Committee,partOf,Animal Committees,Egg Production Committee,Animal Committees
9f511b04-302c-4626-a20a-9bf53f559ccf,Clean Tails League,partOf,Animal Committees,Clean Tails League,Animal Committees
9f511b04-302c-4626-a20a-9bf53f559ccf,Wild Comrades' Re-education Committee,partOf,Animal Committees,Wild Comrades' Re-education Committee,Animal Committees
9f511b04-302c-4626-a20a-9bf53f559ccf,Whiter Wool Movement,partOf,Animal Committees,Whiter Wool Movement,Animal Committees
9f511b04-302c-4626-a20a-9bf53f559ccf,hens,partOf,Egg Production Committee,hens,Egg Production Committee
9f511b04-302c-4626-a20a-9bf53f559ccf,cows,partOf,Clean Tails League,cows,Clean Tails League
9f511b04-302c-4626-a20a-9bf53f559ccf,rats,partOf,Wild Comrades' Re-education Committee,rats,Wild Comrades' Re-education Committee
9f511b04-302c-4626-a20a-9bf53f559ccf,rabbits,partOf,Wild Comrades' Re-education Committee,rabbits,Wild Comrades' Re-education Committee
9f511b04-302c-4626-a20a-9bf53f559ccf,sheep,partOf,Whiter Wool Movement,sheep,Whiter Wool Movement
9f511b04-302c-4626-a20a-9bf53f559ccf,pigs,locatedIn,harness-room,pigs,harness-room
9f511b04-302c-4626-a20a-9bf53f559ccf,cat,partOf,Wild Comrades' Re-education Committee,cat,Wild Comrades' Re-education Committee
28ee959e-b2d1-43a1-b5f4-d08c356ccad6,Muriel,locatedIn,rubbish heap,Muriel,rubbish heap
28ee959e-b2d1-43a1-b5f4-d08c356ccad6,Muriel,possesses,scraps of newspaper,Muriel,scraps of newspaper
245ab2b2-4ddc-4c17-8d08-7282d55fb106,Seven Commandments,partOf,Animalism,THE SEVEN COMMANDMENTS,Animalism
4b1f75fe-2dd1-435c-9487-6796925dc0dd,Snowball,partOf,Animal Farm,Snowball,Animal Farm
4b1f75fe-2dd1-435c-9487-6796925dc0dd,Napoleon,partOf,Animal Farm,Napoleon,Animal Farm
4b1f75fe-2dd1-435c-9487-6796925dc0dd,pigeons,createdBy,Snowball,pigeons,Snowball
4b1f75fe-2dd1-435c-9487-6796925dc0dd,pigeons,createdBy,Napoleon,pigeons,Napoleon
4b1f75fe-2dd1-435c-9487-6796925dc0dd,Mr. Jones,locatedIn,Red Lion,Mr. Jones,Red Lion
4b1f75fe-2dd1-435c-9487-6796925dc0dd,Red Lion,locatedIn,Willingdon,Red Lion,Willingdon
a087f00a-848f-4d58-930c-1ad52daba8d4,Foxwood,locatedIn,Animal Farm,Foxwood,Animal Farm
a087f00a-848f-4d58-930c-1ad52daba8d4,Mr. Pilkington,partOf,Foxwood,Mr. Pilkington,Foxwood
a087f00a-848f-4d58-930c-1ad52daba8d4,Pinchfield,locatedIn,Animal Farm,Pinchfield,Animal Farm
a087f00a-848f-4d58-930c-1ad52daba8d4,Mr. Frederick,partOf,Pinchfield,Mr. Frederick,Pinchfield
a087f00a-848f-4d58-930c-1ad52daba8d4,rebellion,happensAt,Animal Farm,rebellion,Animal Farm
94b5953c-2367-4bf5-84e3-76443d51e570,George Orwell,createdBy,Animal Farm,George Orwell,Animal Farm
83b81c0d-9a89-469c-bcdb-6988cc6e05b8,ANIMAL FARM,createdBy,George Orwell,Animal Farm,George Orwell
5251d806-1363-45e4-bdd4-0a77212dbb94,hen-houses,locatedIn,Manor Farm,hen-houses,Manor Farm
5251d806-1363-45e4-bdd4-0a77212dbb94,farm buildings,partOf,Manor Farm,farm buildings,Manor Farm
5251d806-1363-45e4-bdd4-0a77212dbb94,big barn,locatedIn,Manor Farm,the big barn,Manor Farm
26a30b44-77b0-4b38-8352-a75493c284d4,Major,locatedIn,the big barn,Major,the big barn
26a30b44-77b0-4b38-8352-a75493c284d4,Bluebell,partOf,the big barn,Bluebell,the big barn
26a30b44-77b0-4b38-8352-a75493c284d4,Jessie,partOf,the big barn,Jessie,the big barn
26a30b44-77b0-4b38-8352-a75493c284d4,Pincher,partOf,the big barn,Pincher,the big barn
26a30b44-77b0-4b38-8352-a75493c284d4,Boxer,partOf,the big barn,Boxer,the big barn
26a30b44-77b0-4b38-8352-a75493c284d4,Clover,partOf,the big barn,Clover,the big barn
26a30b44-77b0-4b38-8352-a75493c284d4,Muriel,partOf,the big barn,Muriel,the big barn
26a30b44-77b0-4b38-8352-a75493c284d4,Benjamin,partOf,the big barn,Benjamin,the big barn
bab66fda-64be-4074-8bd3-be259c6817c8,Boxer,locatedIn,small paddock,Boxer,small paddock
bab66fda-64be-4074-8bd3-be259c6817c8,Boxer,locatedIn,orchard,Boxer,orchard
bab66fda-64be-4074-8bd3-be259c6817c8,Mollie,possesses,white mane,Mollie,white mane
bab66fda-64be-4074-8bd3-be259c6817c8,Mollie,possesses,red ribbons,Mollie,red ribbons
bab66fda-64be-4074-8bd3-be259c6817c8,Moses,locatedIn,back door,Moses,back door
29f530f5-c4f5-4451-8589-31abfa22f86c,Old Major,createdBy,Beasts of England,Old Major,Beasts of England
1ca49fd0-b4aa-4ca8-a5c9-3af443c14fcc,farm,partOf,England,farm,England
08651466-1cd9-4f2a-be57-ec396ac28a34,Major,occursDuring,Three nights later,Major,three nights later
08651466-1cd9-4f2a-be57-ec396ac28a34,Major,happensAt,foot of the orchard,Major,the foot of the orchard
08651466-1cd9-4f2a-be57-ec396ac28a34,Rebellion,createdBy,Major,rebellion,Major
08651466-1cd9-4f2a-be57-ec396ac28a34,Major,partOf,farm,Major,farm
77654b9a-8833-44e8-99a0-39ac52317007,Snowball,partOf,farm,Snowball,farm
77654b9a-8833-44e8-99a0-39ac52317007,Napoleon,partOf,farm,Napoleon,farm
77654b9a-8833-44e8-99a0-39ac52317007,Squealer,partOf,farm,Squealer,farm
77654b9a-8833-44e8-99a0-39ac52317007,Snowball,createdBy,Animalism,Snowball,Animalism
77654b9a-8833-44e8-99a0-39ac52317007,Napoleon,createdBy,Animalism,Napoleon,Animalism
77654b9a-8833-44e8-99a0-39ac52317007,Squealer,createdBy,Animalism,Squealer,Animalism
ea6abd51-4fa8-4c67-981f-7b947bce3c81,Boxer,partOf,Rebellion,Boxer,rebellion
ea6abd51-4fa8-4c67-981f-7b947bce3c81,Clover,partOf,Rebellion,Clover,rebellion
c4144324-3744-43a2-9aee-87bd990d85de,Manor Farm,possesses,Mr. Jones,Manor Farm,Mr. Jones
c4144324-3744-43a2-9aee-87bd990d85de,Rebellion,happensAt,Manor Farm,rebellion,Manor Farm
c4144324-3744-43a2-9aee-87bd990d85de,Mrs. Jones,locatedIn,Manor Farm,Mrs. Jones,Manor Farm
c4144324-3744-43a2-9aee-87bd990d85de,Mr. Jones,locatedIn,Manor Farm,Mr. Jones,Manor Farm
73be7f40-d96f-414a-a861-277adfcce90d,harness-room,partOf,stables,harness-room,stables
73be7f40-d96f-414a-a861-277adfcce90d,Mr. Jones,possesses,knives,Mr. Jones,knives
73be7f40-d96f-414a-a861-277adfcce90d,Boxer,possesses,straw hat,Boxer,straw hat
44e5c15b-598b-4fc2-8012-6ace4daf630f,Snowball,partOf,farm,Snowball,farm
44e5c15b-598b-4fc2-8012-6ace4daf630f,Napoleon,partOf,farm,Napoleon,farm
44e5c15b-598b-4fc2-8012-6ace4daf630f,Mollie,partOf,farm,Mollie,farm
44e5c15b-598b-4fc2-8012-6ace4daf630f,blue ribbon,possesses,Mrs. Jones,blue ribbon,Mrs. Jones
a5de1cc3-cee5-454e-836b-d3d88c06717e,Boxer,partOf,farmhouse,Boxer,farmhouse
a5de1cc3-cee5-454e-836b-d3d88c06717e,spelling book,possesses,Mr. Jones's children,spelling book,Mr. Jones's children
a5de1cc3-cee5-454e-836b-d3d88c06717e,Snowball,createdBy,ANIMAL FARM,Snowball,Animal Farm
6f071a8d-5557-4106-b78e-b1fd1a688ca0,Snowball,partOf,Animal Farm,Snowball,Animal Farm
6f071a8d-5557-4106-b78e-b1fd1a688ca0,Snowball,locatedIn,hayfield,Snowball,hayfield
6f071a8d-5557-4106-b78e-b1fd1a688ca0,Squealer,partOf,Animal Farm,Squealer,Animal Farm
ae13ca02-fba9-4b3f-a3aa-3d17d2d45cf4,Boxer,participatesIn,harvest,Boxer,harvest
ae13ca02-fba9-4b3f-a3aa-3d17d2d45cf4,Clover,participatesIn,harvest,Clover,harvest
ae13ca02-fba9-4b3f-a3aa-3d17d2d45cf4,ducks,participatesIn,harvest,ducks,harvest
ae13ca02-fba9-4b3f-a3aa-3d17d2d45cf4,hens,participatesIn,harvest,hens,harvest
ae13ca02-fba9-4b3f-a3aa-3d17d2d45cf4,pigs,participatesIn,harvest,pigs,harvest
ae13ca02-fba9-4b3f-a3aa-3d17d2d45cf4,horses,locatedIn,field,horses,field
f18ef052-24ac-4d86-bb27-62fc9d0ab85b,Boxer,partOf,farm,Boxer,farm
f18ef052-24ac-4d86-bb27-62fc9d0ab85b,pigs,partOf,farm,pigs,farm
f18ef052-24ac-4d86-bb27-62fc9d0ab85b,cockerels,partOf,farm,cockerels,farm
f18ef052-24ac-4d86-bb27-62fc9d0ab85b,hens,partOf,farm,hens,farm
f18ef052-24ac-4d86-bb27-62fc9d0ab85b,ducks,partOf,farm,ducks,farm
a9d3b1f6-3aff-408a-92e2-aa92cadb07d4,Snowball,possesses,green tablecloth,Snowball,green tablecloth
a9d3b1f6-3aff-408a-92e2-aa92cadb07d4,Snowball,createdBy,hoof,Snowball,hoof
a9d3b1f6-3aff-408a-92e2-aa92cadb07d4,Snowball,createdBy,horn,Snowball,horn
a9d3b1f6-3aff-408a-92e2-aa92cadb07d4,flag,locatedIn,England,flag,England
a9d3b1f6-3aff-408a-92e2-aa92cadb07d4,Meeting,happensAt,big barn,Meeting,the big barn
d66ab2df-5d31-429c-8ee3-69c564081682,Snowball,partOf,Animal Committees,Snowball,Animal Committees
d66ab2df-5d31-429c-8ee3-69c564081682,cat,partOf,Wild Comrades' Re-education Committee,cat,Wild Comrades' Re-education Committee
a0c3fd0a-78fd-448d-a6e5-e2a2fdcfb594,Muriel,locatedIn,farm,Muriel,farm
a0c3fd0a-78fd-448d-a6e5-e2a2fdcfb594,Benjamin,locatedIn,farm,Benjamin,farm
a0c3fd0a-78fd-448d-a6e5-e2a2fdcfb594,Clover,locatedIn,farm,Clover,farm
a0c3fd0a-78fd-448d-a6e5-e2a2fdcfb594,Boxer,locatedIn,farm,Boxer,farm
a0c3fd0a-78fd-448d-a6e5-e2a2fdcfb594,Mollie,locatedIn,farm,Mollie,farm
f1c61513-5f7e-4db6-9c19-77d56bae1c3c,Snowball,partOf,animals on the farm,Snowball,animals on the farm
f1c61513-5f7e-4db6-9c19-77d56bae1c3c,sheep,partOf,animals on the farm,sheep,animals on the farm
f1c61513-5f7e-4db6-9c19-77d56bae1c3c,hens,partOf,animals on the farm,hens,animals on the farm
f1c61513-5f7e-4db6-9c19-77d56bae1c3c,ducks,partOf,animals on the farm,ducks,animals on the farm
b3a5e4f6-791b-49ab-9df5-17d69f84089d,Napoleon,possesses,puppies,Napoleon,puppies
b3a5e4f6-791b-49ab-9df5-17d69f84089d,puppies,partOf,Jessie,puppies,Jessie
b3a5e4f6-791b-49ab-9df5-17d69f84089d,puppies,partOf,Bluebell,puppies,Bluebell
b3a5e4f6-791b-49ab-9df5-17d69f84089d,puppies,locatedIn,loft,puppies,loft
b3a5e4f6-791b-49ab-9df5-17d69f84089d,loft,partOf,harness-room,loft,harness-room
b3a5e4f6-791b-49ab-9df5-17d69f84089d,milk,partOf,mash,milk,mash
b3a5e4f6-791b-49ab-9df5-17d69f84089d,windfalls,locatedIn,harness-room,windfalls,harness-room
65fa2e09-69bf-4680-8d89-b71473c0d079,Snowball,partOf,Animal Farm,Snowball,Animal Farm
65fa2e09-69bf-4680-8d89-b71473c0d079,Napoleon,partOf,Animal Farm,Napoleon,Animal Farm
65fa2e09-69bf-4680-8d89-b71473c0d079,Snowball,createdBy,pigeons,Snowball,pigeons
65fa2e09-69bf-4680-8d89-b71473c0d079,Napoleon,createdBy,pigeons,Napoleon,pigeons
65fa2e09-69bf-4680-8d89-b71473c0d079,Mr. Jones,locatedIn,Red Lion,Mr. Jones,Red Lion
65fa2e09-69bf-4680-8d89-b71473c0d079,Red Lion,locatedIn,Willingdon,Red Lion,Willingdon
de730b6c-3e6f-406d-ab7b-9ee04099f1c0,Foxwood,locatedIn,Mr. Pilkington,Foxwood,Mr. Pilkington
de730b6c-3e6f-406d-ab7b-9ee04099f1c0,Pinchfield,locatedIn,Mr. Frederick,Pinchfield,Mr. Frederick
94c45580-063c-4931-a8f2-b391d2871418,"Orwell, George",createdBy,Animal Farm,"Orwell, George",Animal Farm
94c45580-063c-4931-a8f2-b391d2871418,"Blair, Eric Arthur",createdBy,Animal Farm,"Blair, Eric Arthur",Animal Farm
333c554c-cfe3-4d60-8a41-b1d1f4e69d3e,ANIMAL FARM,createdBy,George Orwell,Animal Farm,George Orwell
333c554c-cfe3-4d60-8a41-b1d1f4e69d3e,THE HADDON CRAFTSMEN,locatedIn,"SCRANTON, PA.",THE HADDON CRAFTSMEN,"SCRANTON, PA."
006d1c95-d8ea-461e-a967-f66414acb9e4,Mr. Jones,locatedIn,Manor Farm,Mr. Jones,Manor Farm
006d1c95-d8ea-461e-a967-f66414acb9e4,hen-houses,partOf,Manor Farm,hen-houses,Manor Farm
6a6c7db1-c470-4d79-9a5e-be92c7b394a5,George Orwell,createdBy,Animal Farm,George Orwell,Animal Farm
6a6c7db1-c470-4d79-9a5e-be92c7b394a5,Eric Arthur Blair,createdBy,Animal Farm,Eric Arthur Blair,Animal Farm
b426ca22-b1ec-492f-be71-765044a8bb89,ANIMAL FARM,createdBy,George Orwell,Animal Farm,George Orwell
b426ca22-b1ec-492f-be71-765044a8bb89,ANIMAL FARM,happensAt,NEW YORK,Animal Farm,New York
b90ba53a-fbda-4077-ae05-31b7ee40f0ad,Mr. Jones,partOf,Manor Farm,Mr. Jones,Manor Farm
b90ba53a-fbda-4077-ae05-31b7ee40f0ad,old Major,locatedIn,farm buildings,Old Major,farm buildings
22dae67e-c726-4b4a-b914-ea7fd0b89849,Major,locatedIn,barn,Major,Barn
22dae67e-c726-4b4a-b914-ea7fd0b89849,Bluebell,locatedIn,barn,Bluebell,Barn
22dae67e-c726-4b4a-b914-ea7fd0b89849,Jessie,locatedIn,barn,Jessie,Barn
22dae67e-c726-4b4a-b914-ea7fd0b89849,Pincher,locatedIn,barn,Pincher,Barn
22dae67e-c726-4b4a-b914-ea7fd0b89849,Boxer,locatedIn,barn,Boxer,Barn
22dae67e-c726-4b4a-b914-ea7fd0b89849,Clover,locatedIn,barn,Clover,Barn
22dae67e-c726-4b4a-b914-ea7fd0b89849,Muriel,locatedIn,barn,Muriel,Barn
22dae67e-c726-4b4a-b914-ea7fd0b89849,Benjamin,locatedIn,barn,Benjamin,Barn
91c18cec-7895-40a0-b748-f54eaeadf011,Boxer,partOf,small paddock,Boxer,small paddock
91c18cec-7895-40a0-b748-f54eaeadf011,Boxer,partOf,orchard,Boxer,orchard
91c18cec-7895-40a0-b748-f54eaeadf011,Mollie,possesses,red ribbons,Mollie,red ribbons
91c18cec-7895-40a0-b748-f54eaeadf011,Mollie,possesses,white mane,Mollie,white mane
91c18cec-7895-40a0-b748-f54eaeadf011,Moses,locatedIn,back door,Moses,back door
a24d4823-c9ca-49f0-b4da-f504f4b45d82,Jones,possesses,milk,Jones,milk
a24d4823-c9ca-49f0-b4da-f504f4b45d82,Jones,possesses,eggs,Jones,eggs
a9cd7bad-8b92-4502-a7e7-794ac270e2c9,rats,locatedIn,holes,rats,holes
a9cd7bad-8b92-4502-a7e7-794ac270e2c9,Major,participatesIn,meeting,Major,Meeting
a9cd7bad-8b92-4502-a7e7-794ac270e2c9,dogs,participatesIn,meeting,dogs,Meeting
a9cd7bad-8b92-4502-a7e7-794ac270e2c9,cat,participatesIn,meeting,cat,Meeting
924f8876-1059-4f35-82d8-a0cb1cafd572,Old Major,participatesIn,Beasts of England,Old Major,Beasts of England
924f8876-1059-4f35-82d8-a0cb1cafd572,England,partOf,Beasts of England,England,Beasts of England
924f8876-1059-4f35-82d8-a0cb1cafd572,Ireland,partOf,Beasts of England,Ireland,Beasts of England
55ac114c-edf5-45e7-8fa2-a18ffa9afa02,"Orwell, George",createdBy,Animal Farm,"Orwell, George",Animal Farm
55ac114c-edf5-45e7-8fa2-a18ffa9afa02,"Blair, Eric Arthur",createdBy,Animal Farm,"Blair, Eric Arthur",Animal Farm
b6ae890d-6198-43e0-a718-ef66b0397749,ANIMAL FARM,createdBy,George Orwell,Animal Farm,George Orwell
b6ae890d-6198-43e0-a718-ef66b0397749,"HARCOURT, BRACE AND COMPANY",locatedIn,NEW YORK,"HARCOURT, BRACE AND COMPANY",New York
42eedbd9-3dc1-4823-818e-c9428ccca156,Boxer,participatesIn,Sundays,Boxer,Sundays
42eedbd9-3dc1-4823-818e-c9428ccca156,Boxer,locatedIn,small paddock beyond the orchard,Boxer,small paddock behind the orchard
42eedbd9-3dc1-4823-818e-c9428ccca156,Clover,locatedIn,barn,Clover,Barn
42eedbd9-3dc1-4823-818e-c9428ccca156,Mollie,createdBy,Mr. Jones,Mollie,Mr. Jones
42eedbd9-3dc1-4823-818e-c9428ccca156,cat,locatedIn,barn,cat,Barn
42eedbd9-3dc1-4823-818e-c9428ccca156,Moses,locatedIn,perch,Moses,perch
8c7cde7d-631e-4a3f-aa53-ac8c2ecd7d53,happiness,locatedIn,England,happiness,England
8c7cde7d-631e-4a3f-aa53-ac8c2ecd7d53,leisure,locatedIn,England,Leisure,England
8c7cde7d-631e-4a3f-aa53-ac8c2ecd7d53,hunger,createdBy,Man,hunger,Man
8c7cde7d-631e-4a3f-aa53-ac8c2ecd7d53,overwork,createdBy,Man,overwork,Man
2acc98e2-31e1-4121-bfe3-ecc2e27be67d,Jones,possesses,foxhounds,Jones,foxhounds
2acc98e2-31e1-4121-bfe3-ecc2e27be67d,Major,participatesIn,Rebellion,Major,rebellion
3412cd93-b317-420e-9089-8228713c857b,Old Major,participatesIn,Beasts of England,Old Major,Beasts of England
3412cd93-b317-420e-9089-8228713c857b,Beasts of England,locatedIn,England,Beasts of England,England
3412cd93-b317-420e-9089-8228713c857b,Beasts of England,locatedIn,Ireland,Beasts of England,Ireland
b94d36c1-e83c-4263-a269-f0b193eb66cd,Major,createdBy,song,Major,song
c0517461-dc3b-41bc-a675-f98017c87263,Major,happensAt,orchard,Major,orchard
c0517461-dc3b-41bc-a675-f98017c87263,Rebellion,happensAt,farm,rebellion,farm
a21c3e5e-6de4-434b-bab1-401af7f3033c,Snowball,partOf,Mr. Jones,Snowball,Mr. Jones
a21c3e5e-6de4-434b-bab1-401af7f3033c,Napoleon,partOf,Mr. Jones,Napoleon,Mr. Jones
a21c3e5e-6de4-434b-bab1-401af7f3033c,Squealer,createdBy,Animalism,Squealer,Animalism
a21c3e5e-6de4-434b-bab1-401af7f3033c,Snowball,createdBy,Animalism,Snowball,Animalism
a21c3e5e-6de4-434b-bab1-401af7f3033c,Napoleon,createdBy,Animalism,Napoleon,Animalism
a21c3e5e-6de4-434b-bab1-401af7f3033c,Animalism,createdBy,Old Major,Animalism,Old Major
a21c3e5e-6de4-434b-bab1-401af7f3033c,Snowball,happensAt,Barn,Snowball,Barn
a21c3e5e-6de4-434b-bab1-401af7f3033c,Napoleon,happensAt,Barn,Napoleon,Barn
a21c3e5e-6de4-434b-bab1-401af7f3033c,Squealer,happensAt,Barn,Squealer,Barn
24dd128b-6f91-4d07-93ca-e7aef3a44a8d,Moses,possesses,Sugarcandy Mountain,Moses,Sugarcandy Mountain
24dd128b-6f91-4d07-93ca-e7aef3a44a8d,Moses,partOf,Mr. Jones,Moses,Mr. Jones
8dc61846-7e99-4aff-bd7c-eaedf1b2c165,Boxer,knows,Clover,Boxer,Clover
8dc61846-7e99-4aff-bd7c-eaedf1b2c165,Clover,knows,Boxer,Clover,Boxer
8dc61846-7e99-4aff-bd7c-eaedf1b2c165,Moses,locatedIn,kitchen,Moses,kitchen
8dc61846-7e99-4aff-bd7c-eaedf1b2c165,Mr. Jones,locatedIn,Red Lion,Mr. Jones,Red Lion
78540b46-2838-4fd4-9bfb-17c38c88dbb4,George Orwell,createdBy,Animal Farm,George Orwell,Animal Farm
78540b46-2838-4fd4-9bfb-17c38c88dbb4,Eric Arthur Blair,createdBy,Animal Farm,Eric Arthur Blair,Animal Farm
240d6c0e-b946-4217-a808-a22f4fda0bfa,ANIMAL FARM,createdBy,George Orwell,Animal Farm,George Orwell
240d6c0e-b946-4217-a808-a22f4fda0bfa,THE HADDON CRAFTSMEN,locatedIn,"SCRANTON, PA.",THE HADDON CRAFTSMEN,"SCRANTON, PA."
71f97f57-bf42-4174-954e-2017c6ba4001,hen-houses,locatedIn,Manor Farm,hen-houses,Manor Farm
71f97f57-bf42-4174-954e-2017c6ba4001,old Major,locatedIn,Manor Farm,Old Major,Manor Farm
7dcc7954-db7a-4a18-8978-00c0f570fcc1,Boxer,locatedIn,paddock,Boxer,paddock
7dcc7954-db7a-4a18-8978-00c0f570fcc1,Boxer,partOf,orchard,Boxer,orchard
7dcc7954-db7a-4a18-8978-00c0f570fcc1,Mollie,possesses,trap,Mollie,trap
7dcc7954-db7a-4a18-8978-00c0f570fcc1,Moses,locatedIn,back door,Moses,back door
ac5d432d-e5b4-4c0b-ac13-97021358fb1b,Farm,locatedIn,England,farm,England
3eae2fab-2edb-4335-8f70-c3d2734c85d9,Major,participatesIn,Rebellion,Major,rebellion
bdba88cf-49e6-4c86-8d10-f2dc403fae92,Beasts of England,locatedIn,England,Beasts of England,England
bdba88cf-49e6-4c86-8d10-f2dc403fae92,Beasts of England,locatedIn,Ireland,Beasts of England,Ireland
7e03dab7-cd82-4346-8803-8a2901b907c4,Major,happensAt,foot of the orchard,Major,the foot of the orchard
7e03dab7-cd82-4346-8803-8a2901b907c4,Rebellion,happensAt,farm,rebellion,farm
83bf5673-5439-4aad-9f9f-309cb49c7a8f,Snowball,partOf,farm,Snowball,farm
83bf5673-5439-4aad-9f9f-309cb49c7a8f,Napoleon,partOf,farm,Napoleon,farm
83bf5673-5439-4aad-9f9f-309cb49c7a8f,Squealer,partOf,farm,Squealer,farm
83bf5673-5439-4aad-9f9f-309cb49c7a8f,Snowball,createdBy,Animalism,Snowball,Animalism
83bf5673-5439-4aad-9f9f-309cb49c7a8f,Napoleon,createdBy,Animalism,Napoleon,Animalism
83bf5673-5439-4aad-9f9f-309cb49c7a8f,Squealer,createdBy,Animalism,Squealer,Animalism
2a39dcde-cdb5-401e-8a6c-aa55e91202f2,Mollie,possesses,ribbons,Mollie,ribbons
2a39dcde-cdb5-401e-8a6c-aa55e91202f2,Moses,possesses,Sugarcandy Mountain,Moses,Sugarcandy Mountain
2a39dcde-cdb5-401e-8a6c-aa55e91202f2,Moses,partOf,Mr. Jones,Moses,Mr. Jones
197cafd7-a7d3-487b-83a8-974c2e25b04e,hen-houses,locatedIn,Manor Farm,hen-houses,Manor Farm
197cafd7-a7d3-487b-83a8-974c2e25b04e,farm buildings,partOf,Manor Farm,farm buildings,Manor Farm
94029086-859a-417c-80b1-9b11657c222e,Boxer,knows,Benjamin,Boxer,Benjamin
94029086-859a-417c-80b1-9b11657c222e,Mollie,possesses,trap,Mollie,trap
fd26c8be-740a-4e0d-ad7d-a5352b61ddea,Moses,locatedIn,England,Moses,England
d2d5d39f-99b1-4c30-9cba-0fd12b1c0077,Old Major,participatesIn,Beasts of England,Old Major,Beasts of England
d2d5d39f-99b1-4c30-9cba-0fd12b1c0077,Beasts of England,locatedIn,England,Beasts of England,England
d2d5d39f-99b1-4c30-9cba-0fd12b1c0077,Beasts of England,locatedIn,Ireland,Beasts of England,Ireland
b0ef982e-a9c8-4b13-a1f5-ef9d76a18572,Mr. Jones,possesses,gun,Mr. Jones,gun
b0ef982e-a9c8-4b13-a1f5-ef9d76a18572,number 6 shot,locatedIn,wall of the barn,number 6 shot,wall of the barn
233bb93c-a3f8-4f08-b895-9280d3998be2,Snowball,createdBy,Animalism,Snowball,Animalism
233bb93c-a3f8-4f08-b895-9280d3998be2,Napoleon,createdBy,Animalism,Napoleon,Animalism
233bb93c-a3f8-4f08-b895-9280d3998be2,Squealer,createdBy,Animalism,Squealer,Animalism
233bb93c-a3f8-4f08-b895-9280d3998be2,Animalism,createdBy,Major,Animalism,Major
c70a6757-a0b8-432f-b45f-57a56eb22dff,Moses,possesses,Sugarcandy Mountain,Moses,Sugarcandy Mountain
c70a6757-a0b8-432f-b45f-57a56eb22dff,Mr. Jones,possesses,Moses,Mr. Jones,Moses
